{"tfidf": {"rouge1": 0.2573651725421622, "rouge2": 0.07770451359458348, "rougeL": 0.16335711064728253, "rougeLsum": 0.16319287875924893}, "pgn": {"rouge1": 0.05046737274567083, "rouge2": 0.0009263157894736843, "rougeL": 0.043716646343600334, "rougeLsum": 0.043796985501279806}}