{"train_time_sec": 2355.760182619095, "gpu_max_mem_mb": 202.1142578125, "output_dir_mb": 331.26738929748535}