model_id,samples,errors,avg_latency_ms,avg_summary_length,rouge1,rouge2,rougeL,power_watts,energy_kwh,carbon_kg,efficiency_score,avg_input_length_words,avg_input_length_chars,avg_reference_length_words,compression_ratio,avg_latency_per_input_word_ms,throughput_input_words_per_sec,error_rate,success_rate,avg_unique_word_ratio,avg_repetition_rate,quality_overall,estimated
tfidf,3,0,9.081533335120184,164,0.13710495210008355,0.03800562141024074,0.0882620931306423,20.0,1.5135888891866974e-07,6.05435555674679e-08,62.13950405392157,831,4798.333333333333,34,0.197352587244284,0.01092843963311695,91504.37149047833,0.0,1.0,0.7624321434808118,0.23756785651918824,7.704158193028361,False
tfidf-pgn,0,3,0.0,0.0,0.0,0.0,0.0,60.0,0.0,0.0,50.0,831,4798.333333333333,34,0.0,0.0,0.0,1.0,0.0,0.0,0.0,0.0,False
t5-small,3,0,461.6666666666667,99.72,0.25,0.1125,0.25,80.0,3.077777777777778e-05,1.2311111111111112e-05,78.0,831,4798.333333333333,34,0.12,0.5555555555555556,1800.0,0.0,1.0,0.65,0.35,18.683125,True
distilbart,3,0,639.2307692307693,99.72,0.29,0.1305,0.29,120.0,6.392307692307693e-05,2.5569230769230777e-05,80.35470085470085,831,4798.333333333333,34,0.12,0.7692307692307693,1300.0,0.0,1.0,0.65,0.35,21.672424999999997,True
bart-large,3,0,923.3333333333334,99.72,0.33,0.14850000000000002,0.33,180.0,0.0001385,5.5400000000000005e-05,80.16666666666667,831,4798.333333333333,34,0.12,1.1111111111111112,900.0,0.0,1.0,0.65,0.35,24.661725,True
pegasus,3,0,977.6470588235294,99.72,0.31,0.1395,0.31,200.0,0.00016294117647058825,6.51764705882353e-05,75.9967320261438,831,4798.333333333333,34,0.12,1.1764705882352942,850.0,0.0,1.0,0.65,0.35,23.167075000000004,True
t5-3b,3,0,2374.285714285714,99.72,0.36,0.162,0.36,350.0,0.0006925,0.000277,50.0,831,4798.333333333333,34,0.12,2.857142857142857,350.0,0.0,1.0,0.65,0.35,26.903699999999997,True
