{
  "generated_at": 1771001994.4398696,
  "rows": [
    {
      "model_id": "tfidf",
      "samples": 3,
      "errors": 0,
      "avg_latency_ms": 9.081533335120184,
      "avg_summary_length": 164,
      "rouge1": 0.13710495210008355,
      "rouge2": 0.03800562141024074,
      "rougeL": 0.0882620931306423,
      "power_watts": 20.0,
      "energy_kwh": 1.5135888891866974e-07,
      "carbon_kg": 6.05435555674679e-08,
      "avg_input_length_words": 831,
      "avg_input_length_chars": 4798.333333333333,
      "avg_reference_length_words": 34,
      "compression_ratio": 0.197352587244284,
      "avg_latency_per_input_word_ms": 0.01092843963311695,
      "throughput_input_words_per_sec": 91504.37149047833,
      "error_rate": 0.0,
      "success_rate": 1.0,
      "avg_unique_word_ratio": 0.7624321434808118,
      "avg_repetition_rate": 0.23756785651918824,
      "quality_overall": 7.704158193028361,
      "estimated": false,
      "efficiency_score": 62.13950405392157
    },
    {
      "model_id": "tfidf-pgn",
      "samples": 0,
      "errors": 3,
      "avg_latency_ms": 0.0,
      "avg_summary_length": 0.0,
      "rouge1": 0.0,
      "rouge2": 0.0,
      "rougeL": 0.0,
      "power_watts": 60.0,
      "energy_kwh": 0.0,
      "carbon_kg": 0.0,
      "avg_input_length_words": 831,
      "avg_input_length_chars": 4798.333333333333,
      "avg_reference_length_words": 34,
      "compression_ratio": 0.0,
      "avg_latency_per_input_word_ms": 0.0,
      "throughput_input_words_per_sec": 0.0,
      "error_rate": 1.0,
      "success_rate": 0.0,
      "avg_unique_word_ratio": 0.0,
      "avg_repetition_rate": 0.0,
      "quality_overall": 0.0,
      "estimated": false,
      "efficiency_score": 50.0
    },
    {
      "model_id": "t5-small",
      "samples": 3,
      "errors": 0,
      "avg_latency_ms": 461.6666666666667,
      "avg_summary_length": 99.72,
      "rouge1": 0.25,
      "rouge2": 0.1125,
      "rougeL": 0.25,
      "power_watts": 80.0,
      "energy_kwh": 3.077777777777778e-05,
      "carbon_kg": 1.2311111111111112e-05,
      "avg_input_length_words": 831,
      "avg_input_length_chars": 4798.333333333333,
      "avg_reference_length_words": 34,
      "compression_ratio": 0.12,
      "avg_latency_per_input_word_ms": 0.5555555555555556,
      "throughput_input_words_per_sec": 1800.0,
      "error_rate": 0.0,
      "success_rate": 1.0,
      "avg_unique_word_ratio": 0.65,
      "avg_repetition_rate": 0.35,
      "quality_overall": 18.683125,
      "estimated": true,
      "efficiency_score": 78.0
    },
    {
      "model_id": "distilbart",
      "samples": 3,
      "errors": 0,
      "avg_latency_ms": 639.2307692307693,
      "avg_summary_length": 99.72,
      "rouge1": 0.29,
      "rouge2": 0.1305,
      "rougeL": 0.29,
      "power_watts": 120.0,
      "energy_kwh": 6.392307692307693e-05,
      "carbon_kg": 2.5569230769230777e-05,
      "avg_input_length_words": 831,
      "avg_input_length_chars": 4798.333333333333,
      "avg_reference_length_words": 34,
      "compression_ratio": 0.12,
      "avg_latency_per_input_word_ms": 0.7692307692307693,
      "throughput_input_words_per_sec": 1300.0,
      "error_rate": 0.0,
      "success_rate": 1.0,
      "avg_unique_word_ratio": 0.65,
      "avg_repetition_rate": 0.35,
      "quality_overall": 21.672424999999997,
      "estimated": true,
      "efficiency_score": 80.35470085470085
    },
    {
      "model_id": "bart-large",
      "samples": 3,
      "errors": 0,
      "avg_latency_ms": 923.3333333333334,
      "avg_summary_length": 99.72,
      "rouge1": 0.33,
      "rouge2": 0.14850000000000002,
      "rougeL": 0.33,
      "power_watts": 180.0,
      "energy_kwh": 0.0001385,
      "carbon_kg": 5.5400000000000005e-05,
      "avg_input_length_words": 831,
      "avg_input_length_chars": 4798.333333333333,
      "avg_reference_length_words": 34,
      "compression_ratio": 0.12,
      "avg_latency_per_input_word_ms": 1.1111111111111112,
      "throughput_input_words_per_sec": 900.0,
      "error_rate": 0.0,
      "success_rate": 1.0,
      "avg_unique_word_ratio": 0.65,
      "avg_repetition_rate": 0.35,
      "quality_overall": 24.661725,
      "estimated": true,
      "efficiency_score": 80.16666666666667
    },
    {
      "model_id": "pegasus",
      "samples": 3,
      "errors": 0,
      "avg_latency_ms": 977.6470588235294,
      "avg_summary_length": 99.72,
      "rouge1": 0.31,
      "rouge2": 0.1395,
      "rougeL": 0.31,
      "power_watts": 200.0,
      "energy_kwh": 0.00016294117647058825,
      "carbon_kg": 6.51764705882353e-05,
      "avg_input_length_words": 831,
      "avg_input_length_chars": 4798.333333333333,
      "avg_reference_length_words": 34,
      "compression_ratio": 0.12,
      "avg_latency_per_input_word_ms": 1.1764705882352942,
      "throughput_input_words_per_sec": 850.0,
      "error_rate": 0.0,
      "success_rate": 1.0,
      "avg_unique_word_ratio": 0.65,
      "avg_repetition_rate": 0.35,
      "quality_overall": 23.167075000000004,
      "estimated": true,
      "efficiency_score": 75.9967320261438
    },
    {
      "model_id": "t5-3b",
      "samples": 3,
      "errors": 0,
      "avg_latency_ms": 2374.285714285714,
      "avg_summary_length": 99.72,
      "rouge1": 0.36,
      "rouge2": 0.162,
      "rougeL": 0.36,
      "power_watts": 350.0,
      "energy_kwh": 0.0006925,
      "carbon_kg": 0.000277,
      "avg_input_length_words": 831,
      "avg_input_length_chars": 4798.333333333333,
      "avg_reference_length_words": 34,
      "compression_ratio": 0.12,
      "avg_latency_per_input_word_ms": 2.857142857142857,
      "throughput_input_words_per_sec": 350.0,
      "error_rate": 0.0,
      "success_rate": 1.0,
      "avg_unique_word_ratio": 0.65,
      "avg_repetition_rate": 0.35,
      "quality_overall": 26.903699999999997,
      "estimated": true,
      "efficiency_score": 50.0
    }
  ]
}