{"tfidf": {"rouge1": 0.18600736721432723, "rouge2": 0.043630298477131076, "rougeL": 0.10983934188549721, "rougeLsum": 0.10859548640010883}, "pgn": {"rouge1": 0.009289806578963205, "rouge2": 0.0, "rougeL": 0.009214881504038132, "rougeLsum": 0.009214881504038132}}