{"train_time_sec": 391.0582318305969, "gpu_max_mem_mb": 201.39306640625, "output_dir_mb": 66.70221328735352}